Student_ID,Student_Name,Department,Gender,Age,Maths,Science,Programming,Statistics,Overall_Marks,CGPA,Attendance_Percent,Study_Hours_Per_Week,Backlogs
2001,Aarav,CSE,Male,18,82,78,88,81,85,3.2,92,18,1
2002,Ananya,AI&DS,Female,19,91,89,94,92,93,3.8,96,12,0
2003,Rahul,ECE,Male,18,72,75,70,74,73,2.6,84,24,2
2004,Diya,AI&DS,Female,19,88,92,86,90,89,3.7,95,14,0
2005,Vishal,CSE,Male,20,68,71,65,70,69,2.4,78,28,3
2006,Meera,ECE,Female,18,85,84,82,86,84,3.4,91,16,1
2007,Arjun,AI&DS,Male,19,94,90,96,92,93,3.9,98,10,0
2008,Nisha,CSE,Female,18,79,83,77,81,80,3.1,88,20,1
2009,Karthik,ECE,Male,20,64,69,62,66,65,2.2,74,31,4
2010,Harini,AI&DS,Female,19,87,91,89,90,89,3.6,94,13,0
2011,Surya,CSE,Male,18,76,74,80,78,77,2.9,86,22,2
2012,Keerthana,ECE,Female,19,90,88,92,91,90,3.8,97,11,0
2013,Dinesh,AI&DS,Male,20,71,68,75,72,72,2.7,82,26,2
2014,Pooja,CSE,Female,18,84,86,83,85,85,3.5,93,15,1
2015,Manoj,ECE,Male,19,69,73,67,70,70,2.5,79,29,3
2016,Lavanya,AI&DS,Female,20,96,94,97,95,96,4.0,99,8,0
2017,Rohit,CSE,Male,19,81,79,84,82,82,3.3,89,19,1
2018,Sanjana,ECE,Female,18,77,80,74,78,77,3.0,87,21,2
2019,Adithya,AI&DS,Male,20,89,87,91,88,89,3.7,95,13,0
2020,Ishita,CSE,Female,19,73,76,71,74,74,2.8,83,25,2
